station_id,station_name,address,area,price_regular,timestamp,source_url
8cdafceb82e56fc7,745oilcorp,,Brooklyn,3.99,2026-06-13T21:55:43,https://www.gasbuddy.com/gasprices/new-york/brooklyn
3fba97f150f1bb4e,DJBennyBlanco,,Brooklyn,3.89,2026-06-13T21:55:43,https://www.gasbuddy.com/gasprices/new-york/brooklyn
2426be684d2e4cf3,KevTahoe,,Brooklyn,3.97,2026-06-13T21:55:43,https://www.gasbuddy.com/gasprices/new-york/brooklyn
7e6a1feb0bab948b,Lakis300,,Brooklyn,3.93,2026-06-13T21:55:43,https://www.gasbuddy.com/gasprices/new-york/brooklyn
2247d1d6812a7680,alanlab2,,Brooklyn,3.99,2026-06-13T21:55:43,https://www.gasbuddy.com/gasprices/new-york/brooklyn
c86d66cb92e0d63d,jcmonte818,,Brooklyn,3.95,2026-06-13T21:55:43,https://www.gasbuddy.com/gasprices/new-york/brooklyn
bf330781c41e4860,jeni007,,Brooklyn,3.89,2026-06-13T21:55:43,https://www.gasbuddy.com/gasprices/new-york/brooklyn
cdc93de65eced40d,productionsnyc,,Brooklyn,3.99,2026-06-13T21:55:43,https://www.gasbuddy.com/gasprices/new-york/brooklyn
b7c7816b7ba7fd20,trustops,,Brooklyn,3.99,2026-06-13T21:55:43,https://www.gasbuddy.com/gasprices/new-york/brooklyn
